{"cameraMode":{"drawMode":0,"name":"Shaded","section":"Shading Mode"},"sceneLighting":false,"audioPlay":false,"sceneViewState":{"showFog":true,"showMaterialUpdate":false,"showSkybox":false,"showFlares":true,"showImageEffects":true,"showParticleSystems":true},"in2DMode":false,"pivot":{"x":0.17791748046875,"y":0.5203857421875,"z":-0.32257080078125},"rotation":{"x":-0.15751130878925324,"y":-0.8345227241516113,"z":0.30500122904777529,"w":-0.4309714138507843},"size":21.21953010559082,"orthographic":true}